Post ID,Timestamp,Content,Likes,Replies,Retweets,Cleaned_Content
1904554799669932296,2025-03-25 15:23:43+00:00,RT @elonmuskDRY: Iâ€™m feeling depressed ï¿¼ and canâ€™t sleep because Iâ€™m being attacked by Democrats and a lot of individuals. Send me some ï¿¼â€¦,0,0,86,rt elonmuskdry im feeling depressed cant sleep im attacked democrats lot individuals send
1904554776450281855,2025-03-25 15:23:38+00:00,RT @user0000O0: not now sweetie mommy needs to post her suicidal thoughts https://t.co/RKUQrSJI4y,0,0,2425,rt usero sweetie mommy needs post suicidal thoughts
1904554775091495358,2025-03-25 15:23:37+00:00,"I donâ€™t often compliment programs these days because the normally sparse content is overwhelmed by advertisements, but this program is packed with interesting historical and current info on the tournament with a reasonable amount of advertising. https://t.co/vPOg4DZnw6",0,0,0,dont often compliment programs days normally sparse content overwhelmed advertisements program packed interesting historical current info tournament reasonable amount advertising
1904554772369113592,2025-03-25 15:23:37+00:00,"RT @praisethesteph: âš ï¸ ğŸ‡¨ğŸ‡¿#Czechia: In PoliÄka, on the premises of STV Group, the only manufacturer of artillery ammunition in the Czech Repâ€¦",0,0,67,rt praisethesteph czechia polika premises stv group manufacturer artillery ammunition czech rep
1904554768283951455,2025-03-25 15:23:36+00:00,"RT @PathOfMen_: A man who is disciplined, works on his goals, talks to God and hits the gym will never be depressed",0,0,109,rt pathofmen man disciplined works goals talks god hits gym never depressed
1904554752043626778,2025-03-25 15:23:32+00:00,"RT @Dommelyn: good morning Findom ğŸ‘¸ğŸ¿

Findom paypig slave humanatm finsub femsub cuck bnwo humiliation joi sph Maryland Virginia DC ebonydoâ€¦",0,0,18,rt dommelyn good morning findom findom paypig slave humanatm finsub femsub cuck bnwo humiliation joi sph maryland virginia dc ebonydo
1904554745462734995,2025-03-25 15:23:30+00:00,"RT @TierraTraniece: Niggas be depressed cause they be horrible ass people. Donâ€™t shit be wrong, fighting demons from all that karma from beâ€¦",0,0,6859,rt tierratraniece niggas depressed cause horrible ass people dont shit wrong fighting demons karma
1904554745341391210,2025-03-25 15:23:30+00:00,"RT @ValleyGirl629: â€œExtraordinary Levels Of Demand!â€ ğŸ˜³

The companies said yaâ€™ll are doing the most &amp; they are overwhelmed.

#MeghanSussexâ€¦",0,0,136,rt valleygirl extraordinary levels demand companies said yall amp overwhelmed meghansussex
1904554744947036278,2025-03-25 15:23:30+00:00,Lumabas para di ma depressed ending lalong lumala ğŸ˜…,0,0,0,lumabas para di depressed ending lalong lumala
1904554731952799845,2025-03-25 15:23:27+00:00,"RT @goddeketal: Cancer screenings were canceled.
Hospitals were â€œoverwhelmed.â€
Kids lost years of development.
Elderly people died alone, dâ€¦",0,0,3322,rt goddeketal cancer screenings canceled hospitals overwhelmed kids lost years development elderly people died alone
1904554730761683413,2025-03-25 15:23:27+00:00,"RT @SlungileMbatha1: @yolandamukondi  my dear please invite SweetAshley to studio tomorrow before I relapseğŸ˜­ğŸ˜©ğŸ˜‚ğŸ˜‚ğŸ˜‚ğŸ˜‚

You are my only hope nowâ€¦",0,0,5,rt slungilembatha yolandamukondi dear please invite sweetashley studio tomorrow relapse hope
1904554729729855660,2025-03-25 15:23:27+00:00,"Recovery is the solution â¤ï¸â€ğŸ©¹ 
Active Recovery builds a defense against relapse #Truth #RecoverySavesLives ğŸ’œ https://t.co/NxGdDY4yTw",0,0,1,recovery solution active recovery builds defense relapse truth recoverysaveslives
1904554720896651326,2025-03-25 15:23:25+00:00,what if you had to BLEED every MONTH for MULTIPLE DAYS and it caused CRAMPS and weird CRAVINGS and made you SLEEPY and CRANKY and want to K*LL YOURSELF because it's making you DEPRESSED?? and on top of all that you DON'T EVAN WANT KIDS so whats the POINT of it!,0,0,0,bleed every month multiple days caused cramps weird cravings made sleepy cranky want kll making depressed top dont evan want kids whats point
1904554716232638702,2025-03-25 15:23:23+00:00,@SarinGasFelon He gets overwhelmed knowing heâ€™s on a cruise with THE Mickey Mouse. Only ballers can afford to be on the same ship as THE Mickey Mouse.,0,0,0,saringasfelon gets overwhelmed knowing hes cruise mickey mouse ballers afford ship mickey mouse
1904554697513677023,2025-03-25 15:23:19+00:00,"RT @connectXIUns: So overwhelmed with the tags rnğŸ˜…. I appreciate everyone's love and supportğŸ«¶ğŸ¼

Iâ€™m making my statement on things happeningâ€¦",0,0,50,rt connectxiuns overwhelmed tags rn appreciate everyones love support im making statement things happening
1904554681537646753,2025-03-25 15:23:15+00:00,"â­ How to learn from mistakes &amp; improve faster
â­ How to develop a Long term learning system
â­ How to Learn Multiple skills without getting overwhelmed 

That's it for today folks. See you tomorrow! Till then:)
""Question everything. Learn relentlessly. Build fearlessly"".",1,0,0,learn mistakes amp improve faster develop long term learning system learn multiple skills without getting overwhelmed thats today folks see tomorrow till question everything learn relentlessly build fearlessly
1904554679331434960,2025-03-25 15:23:15+00:00,"RT @mhmck: Like most bullies, Trump is exposed as a weakling when confronted.

Like most imbeciles, Trump is overwhelmed with fear by a worâ€¦",0,0,44,rt mhmck like bullies trump exposed weakling confronted like imbeciles trump overwhelmed fear wor
1904554677993189716,2025-03-25 15:23:14+00:00,RT @kay_mahapa: Oh Iâ€™m pissed and Iâ€™m getting even more pissed by the minute over this Mokoena issue. If we drop points today???? I might hâ€¦,0,0,4,rt kaymahapa oh im pissed im getting even pissed minute mokoena issue drop points today might h
1904554667184382409,2025-03-25 15:23:12+00:00,RT @preyamble: buong pilipinas ba nagre-relapse,0,0,3853,rt preyamble buong pilipinas ba nagrerelapse
1904554651002745082,2025-03-25 15:23:08+00:00,TW: Mentions of Self Harm https://t.co/hxvlaqU7dI,0,0,0,tw mentions self harm
1904554645365621180,2025-03-25 15:23:07+00:00,"RT @DearS_o_n: If God wants to build a boy into a man, he makes him feel depressed, broken, lonely, and tired. Dear son, please remain stroâ€¦",0,0,2,rt dearson god wants build boy man makes feel depressed broken lonely tired dear son please remain stro
1904554630723383687,2025-03-25 15:23:03+00:00,"Let me put them in your face ğŸ˜ˆ
Don't be shy ğŸ˜œ I'm on Skype ğŸ”¥

Findom PayPig chastity beta humiliation forcedintox cuckhold parental control nsfwtwt joi cbt cie cryptosub muscle mummy feet soles toes relapse",0,0,0,let put face dont shy im skype findom paypig chastity beta humiliation forcedintox cuckhold parental control nsfwtwt joi cbt cie cryptosub muscle mummy feet soles toes relapse
1904554626508296192,2025-03-25 15:23:02+00:00,RT @jackiesfreckles: â€œdo you think she was depressedâ€ she was fighting for her life bro https://t.co/6Zw72qDvA3,0,0,1224,rt jackiesfreckles think depressed fighting life bro
1904554617809387878,2025-03-25 15:23:00+00:00,"RT @TierraTraniece: Niggas be depressed cause they be horrible ass people. Donâ€™t shit be wrong, fighting demons from all that karma from beâ€¦",0,0,6859,rt tierratraniece niggas depressed cause horrible ass people dont shit wrong fighting demons karma
1904554616307781672,2025-03-25 15:23:00+00:00,"Seeing your similar movements, I was suddenly overwhelmed by longing ğŸ˜­ğŸ˜­ğŸ˜­ I really want to see UpPoom togetherğŸ˜­ğŸ˜­ğŸ˜­

#UpertureEP141 
#UpPoom https://t.co/9S300ylyGB",0,0,0,seeing similar movements suddenly overwhelmed longing really want see uppoom together upertureep uppoom
1904554613518275015,2025-03-25 15:22:59+00:00,"was feeling really overwhelmed, but now Iâ€™m genuinely okay because of this.ğŸ«¶ğŸ«¶ https://t.co/DrjrIkTcYV",1,0,0,feeling really overwhelmed im genuinely okay
1904554613191114779,2025-03-25 15:22:59+00:00,"RT @DearS_o_n: If God wants to build a boy into a man, he makes him feel depressed, broken, lonely, and tired. Dear son, please remain stroâ€¦",0,0,2,rt dearson god wants build boy man makes feel depressed broken lonely tired dear son please remain stro
1904554613115895960,2025-03-25 15:22:59+00:00,"RT @TheSapphicThing: Oh i know someone feeling overwhelmed with this message ğŸ˜­

PERAYA X MAYA SIA2025
#FayexSuperStarIdolAwards https://t.câ€¦",0,0,346,rt thesapphicthing oh know someone feeling overwhelmed message peraya x maya sia fayexsuperstaridolawards
1904554610540552519,2025-03-25 15:22:58+00:00,RT @Qiyanation: beta relapse bait &lt;3 https://t.co/O6Cwq0oIdi,0,0,2,rt qiyanation beta relapse bait lt
1904554607260344690,2025-03-25 15:22:57+00:00,"RT @TierraTraniece: Niggas be depressed cause they be horrible ass people. Donâ€™t shit be wrong, fighting demons from all that karma from beâ€¦",0,0,6859,rt tierratraniece niggas depressed cause horrible ass people dont shit wrong fighting demons karma
1904554606891589936,2025-03-25 15:22:57+00:00,Maap sy msh relapse,0,0,0,maap sy msh relapse
1904554601195721158,2025-03-25 15:22:56+00:00,RT @preyamble: buong pilipinas ba nagre-relapse,0,0,3853,rt preyamble buong pilipinas ba nagrerelapse
1904554592534196612,2025-03-25 15:22:54+00:00,"RT @SarahisCensored: Harry Sisson is hiding replies because he canâ€™t stand being faced with the truth.  

I have a feeling that Harry is drâ€¦",0,0,93,rt sarahiscensored harry sisson hiding replies cant stand faced truth feeling harry dr
1904554589698793889,2025-03-25 15:22:53+00:00,@bridgetshahn do you want me to be overwhelmed ?,0,0,0,bridgetshahn want overwhelmed
1904554585894559857,2025-03-25 15:22:52+00:00,"RT @wtfzeezco: if i ever feel depressed, trust me itâ€™s about money",0,0,1366,rt wtfzeezco ever feel depressed trust money
1904554583445446722,2025-03-25 15:22:52+00:00,"RT @danielwayne37: ala sial la mentang dia cina budak sunwah laGOON, si liberak nak backup pulak he needs help because of sex addiction. 
Câ€¦",0,0,715,rt danielwayne ala sial la mentang dia cina budak sunwah lagoon si liberak nak backup pulak needs help sex addiction c
1904554579372786031,2025-03-25 15:22:51+00:00,RT @preyamble: buong pilipinas ba nagre-relapse,0,0,3853,rt preyamble buong pilipinas ba nagrerelapse
1904554579305669064,2025-03-25 15:22:51+00:00,RT @thisusertwtss: iâ€™m the happiest depressed person youâ€™ll ever meet.,0,0,3269,rt thisusertwtss im happiest depressed person youll ever meet
1904554577976012925,2025-03-25 15:22:50+00:00,RT @nurina_zulkifli: @aswaliaaa In reddit someone exposed him as sex predators dah pun. So tayah defend sgt sbb tu geng cina sendiri hentamâ€¦,0,0,16,rt nurinazulkifli aswaliaaa reddit someone exposed sex predators dah pun tayah defend sgt sbb tu geng cina sendiri hentam
1904554567880094031,2025-03-25 15:22:48+00:00,RT @CosmicRubyJ: Someone tell Jennie we wouldnâ€™t mind watching hour long episodes for road to Ruby on YouTube. I donâ€™t know if she thinks wâ€¦,0,0,23,rt cosmicrubyj someone tell jennie wouldnt mind watching hour long episodes road ruby youtube dont know thinks w
1904554566579855818,2025-03-25 15:22:48+00:00,"@itsdangoldfield Nice post Dan.

People are perhaps overwhelmed by too many signs pointing to the same mountain.

Pick a path.
Walk it deeply.
The summit is the same.",0,0,0,itsdangoldfield nice post dan people perhaps overwhelmed many signs pointing mountain pick path walk deeply summit
1904554561953501244,2025-03-25 15:22:47+00:00,"RT @ice092520: Dreamcatcher and Insomnia's grand chorus â€“ 'Wind Blows'

ğŸ¥: OK, OK~ 1, 2, 3!
ğŸ€: Wind Blows!*3
ğŸ°: Repeating lyrics are the beâ€¦",0,0,38,rt ice dreamcatcher insomnias grand chorus wind blows ok ok wind blows repeating lyrics
1904554556069200112,2025-03-25 15:22:45+00:00,RT @preyamble: buong pilipinas ba nagre-relapse,0,0,3853,rt preyamble buong pilipinas ba nagrerelapse
1904554550943502740,2025-03-25 15:22:44+00:00,@SCENTEDSIREN Youâ€™re valuing what your coworkers think of you over someone you could potentially marry/date. Im not trying to be a dick but receiving flowers should not cause an anxiety attack. Something is wrong.,0,0,0,scentedsiren youre valuing coworkers think someone could potentially marrydate im trying dick receiving flowers cause anxiety attack something wrong
1904554549924237507,2025-03-25 15:22:44+00:00,RT @smokesupremacy: (i'm overwhelmed with gratitude cause baby i'm so thankful i found you) #mark #ë§ˆí¬ ğŸï¸ https://t.co/xP31uWBeK6,0,0,145,rt smokesupremacy im overwhelmed gratitude cause baby im thankful found mark
1904554549827776649,2025-03-25 15:22:44+00:00,"RT @DearS_o_n: Noah got drunk. 
Jonah ran away. 
Moses stuttered. 
Abraham was old. 
Lazarus was dead. 
Paul was a murderer. 
Sarah was impâ€¦",0,0,51,rt dearson noah got drunk jonah ran away moses stuttered abraham old lazarus dead paul murderer sarah imp
1904554540826755318,2025-03-25 15:22:42+00:00,RT @prettyp2645: Dee ainâ€™t never lied u give these bitches the nigga and they still be pressed and depressed ğŸ¤£ğŸ¤£,0,0,2515,rt prettyp dee aint never lied u give bitches nigga still pressed depressed
1904554540768121109,2025-03-25 15:22:42+00:00,i listen to kittydkg as a form of self harm,0,0,0,listen kittydkg form self harm
1904554534011121935,2025-03-25 15:22:40+00:00,RT @getish_desta: ğŸ“¢ Tens of thousands have already arrived in Hamdayet since November The border town is completely overwhelmed.People liveâ€¦,0,0,34,rt getishdesta tens thousands already arrived hamdayet since november border town completely overwhelmedpeople live
1904554526818083312,2025-03-25 15:22:38+00:00,"RT @YusufKabirdham: Suicide Is Not The Solution  
Tulsi Das Ji wrote: ""Bade bhaag manush tan pava"" â€“ Even deities crave human birth. Use itâ€¦",0,0,4,rt yusufkabirdham suicide solution tulsi das ji wrote bade bhaag manush tan pava even deities crave human birth use
1904554522741288986,2025-03-25 15:22:37+00:00,RT @thisusertwtss: iâ€™m the happiest depressed person youâ€™ll ever meet.,0,0,3269,rt thisusertwtss im happiest depressed person youll ever meet
1904554520689918246,2025-03-25 15:22:37+00:00,"@Geisterjger4 @GigaBasedDad Men, who have more sexual partners, are also more  likely to get STD's, to be unstable, to be depressed, etc.
American men neurotically blame women because you are #GAYBOYS who love only men and hate women.",0,0,0,geisterjger gigabaseddad men sexual partners also likely get stds unstable depressed etc american men neurotically blame women gayboys love men hate women
1904554512666284371,2025-03-25 15:22:35+00:00,"RT @carolclips: donâ€™t underestimate the power of the fayeyoko fandom, you witch. we bagged two awards while being depressed and in chaos foâ€¦",0,0,122,rt carolclips dont underestimate power fayeyoko fandom witch bagged two awards depressed chaos fo
1904554508379652228,2025-03-25 15:22:34+00:00,"If God wants to build a boy into a man, he makes him feel depressed, broken, lonely, and tired. Dear son, please remain strong. Donâ€™t break.",12,1,2,god wants build boy man makes feel depressed broken lonely tired dear son please remain strong dont break
1904554507431796863,2025-03-25 15:22:34+00:00,RT @SenBrianJones: Thatâ€™s a staggering $6.2 billion over budget...and the costs keep climbing with no end in sight. Californians should notâ€¦,0,0,469,rt senbrianjones thats staggering billion budgetand costs keep climbing end sight californians
1904554502910333421,2025-03-25 15:22:33+00:00,RT @joma_gc: MSNBC propagandist has mental breakdown; says he couldnâ€™t get any sleep thinking about gay Venezuelan gang member deported toâ€¦,0,0,467,rt jomagc msnbc propagandist mental breakdown says couldnt get sleep thinking gay venezuelan gang member deported
1904554491321450623,2025-03-25 15:22:30+00:00,"RT @houzeofkush2: zeudiii, we saved your best friend for 2 months just so you wouldn't be even more sad and depressed in that shit show ğŸ¥² hâ€¦",0,0,30,rt houzeofkush zeudiii saved best friend months wouldnt even sad depressed shit show h
1904554488683176077,2025-03-25 15:22:29+00:00,"RT @AvaFrigg: How do I look? Can I steal your eyes for a few seconds today? I know you get overwhelmed with hotties, so I appreciate the tiâ€¦",0,0,21,rt avafrigg look steal eyes seconds today know get overwhelmed hotties appreciate ti
1904554487794000379,2025-03-25 15:22:29+00:00,"RT @hankypunky: @ElonMuskAOC Please meet our PM may be you will  be get depressedâ€¦He is useless.

Visit Shibuya, Nhnmatsu, Fukushima, Cherrâ€¦",0,0,4,rt hankypunky elonmuskaoc please meet pm may get depressedhe useless visit shibuya nhnmatsu fukushima cherr
1904554485835329594,2025-03-25 15:22:28+00:00,@FriscoNiner80 @tjstradamus1144 Iâ€™ve been feeling super depressed about summer coming up. Itâ€™s a long ass time til November again,0,0,0,frisconiner tjstradamus ive feeling super depressed summer coming long ass time til november
1904554482685424092,2025-03-25 15:22:28+00:00,i lost 30lbs since my relapse and i still feel the same yea im ending it,0,0,0,lost lbs since relapse still feel yea im ending
1904554470807155038,2025-03-25 15:22:25+00:00,"RT @goddeketal: Cancer screenings were canceled.
Hospitals were â€œoverwhelmed.â€
Kids lost years of development.
Elderly people died alone, dâ€¦",0,0,3322,rt goddeketal cancer screenings canceled hospitals overwhelmed kids lost years development elderly people died alone
1904554466025873451,2025-03-25 15:22:24+00:00,RT @thisusertwtss: iâ€™m the happiest depressed person youâ€™ll ever meet.,0,0,3269,rt thisusertwtss im happiest depressed person youll ever meet
1904554465882972169,2025-03-25 15:22:24+00:00,waist training is microdosing self harm,0,0,0,waist training microdosing self harm
1904554457175593043,2025-03-25 15:22:22+00:00,"RT @Dommelyn: good morning Findom ğŸ‘¸ğŸ¿

Findom paypig slave humanatm finsub femsub cuck bnwo humiliation joi sph Maryland Virginia DC ebonydoâ€¦",0,0,18,rt dommelyn good morning findom findom paypig slave humanatm finsub femsub cuck bnwo humiliation joi sph maryland virginia dc ebonydo
1904554444844634174,2025-03-25 15:22:19+00:00,"RT @staerous: yeah, clearly... i'm over here stuck rewatching a thai drama abt a depressed idol who called a random dude his sasaeng, onlyâ€¦",0,0,570,rt staerous yeah clearly im stuck rewatching thai drama abt depressed idol called random dude sasaeng
1904554443955388461,2025-03-25 15:22:19+00:00,RT @preyamble: buong pilipinas ba nagre-relapse,0,0,3853,rt preyamble buong pilipinas ba nagrerelapse
1904554435407212585,2025-03-25 15:22:16+00:00,"RT @goddeketal: Cancer screenings were canceled.
Hospitals were â€œoverwhelmed.â€
Kids lost years of development.
Elderly people died alone, dâ€¦",0,0,3322,rt goddeketal cancer screenings canceled hospitals overwhelmed kids lost years development elderly people died alone
1904554434056577088,2025-03-25 15:22:16+00:00,"RT @TierraTraniece: Niggas be depressed cause they be horrible ass people. Donâ€™t shit be wrong, fighting demons from all that karma from beâ€¦",0,0,6859,rt tierratraniece niggas depressed cause horrible ass people dont shit wrong fighting demons karma
1904554423768256803,2025-03-25 15:22:14+00:00,"RT @carolclips: donâ€™t underestimate the power of the fayeyoko fandom, you witch. we bagged two awards while being depressed and in chaos foâ€¦",0,0,122,rt carolclips dont underestimate power fayeyoko fandom witch bagged two awards depressed chaos fo
1904554416234963204,2025-03-25 15:22:12+00:00,"RT @wtfzeezco: if i ever feel depressed, trust me itâ€™s about money",0,0,1366,rt wtfzeezco ever feel depressed trust money
1904554412887994869,2025-03-25 15:22:11+00:00,"âš™ï¸ Alcohol &amp; Drug Abuse Services STEM Camp #RemakeDaysNCPA #CareerReadyPA

ğŸ—“ May 17, 2025

Design and create simple machines with everyday materials! ğŸ”§ğŸ’¡ Explore basic engineering principles in a fun, hands-on way! ğŸš€âœ¨

ğŸ”—https://t.co/HtiIGYoiC4",0,0,0,alcohol amp drug abuse services stem camp remakedaysncpa careerreadypa may design create simple machines everyday materials explore basic engineering principles fun handson way
1904554412049150435,2025-03-25 15:22:11+00:00,I've lost a good majority of my followers for being inactive. I got depressed about my account im sorry,0,0,0,ive lost good majority followers inactive got depressed account im sorry
1904554404092510562,2025-03-25 15:22:09+00:00,"RT @Dommelyn: good morning Findom ğŸ‘¸ğŸ¿

Findom paypig slave humanatm finsub femsub cuck bnwo humiliation joi sph Maryland Virginia DC ebonydoâ€¦",0,0,18,rt dommelyn good morning findom findom paypig slave humanatm finsub femsub cuck bnwo humiliation joi sph maryland virginia dc ebonydo
1904554400820887606,2025-03-25 15:22:08+00:00,"RT @danielwayne37: ala sial la mentang dia cina budak sunwah laGOON, si liberak nak backup pulak he needs help because of sex addiction. 
Câ€¦",0,0,715,rt danielwayne ala sial la mentang dia cina budak sunwah lagoon si liberak nak backup pulak needs help sex addiction c
1904554391010435182,2025-03-25 15:22:06+00:00,@hugolowell He was having a bit of a mental breakdown.,0,0,0,hugolowell bit mental breakdown
1904554383360012606,2025-03-25 15:22:04+00:00,"RT @mhmck: Like most bullies, Trump is exposed as a weakling when confronted.

Like most imbeciles, Trump is overwhelmed with fear by a worâ€¦",0,0,44,rt mhmck like bullies trump exposed weakling confronted like imbeciles trump overwhelmed fear wor
1904554378088124876,2025-03-25 15:22:03+00:00,"RT @goddeketal: Cancer screenings were canceled.
Hospitals were â€œoverwhelmed.â€
Kids lost years of development.
Elderly people died alone, dâ€¦",0,0,3322,rt goddeketal cancer screenings canceled hospitals overwhelmed kids lost years development elderly people died alone
1904554375550296566,2025-03-25 15:22:02+00:00,"RT @caleppleb: #Caleb: It's a promise. ğŸ

(I really liked this edit, but I'm depressed)
#LoveandDeepspace #edit https://t.co/3izNhxtHVV",0,0,2,rt caleppleb caleb promise really liked edit im depressed loveanddeepspace edit
1904554365215822217,2025-03-25 15:22:00+00:00,RT @princessx0aria: Give into your weakness. Relapse. https://t.co/ImQA3xm306,0,0,0,rt princessxaria give weakness relapse
1904554362036171168,2025-03-25 15:21:59+00:00,"RT @wtfzeezco: if i ever feel depressed, trust me itâ€™s about money",0,0,1366,rt wtfzeezco ever feel depressed trust money
1904554357267575046,2025-03-25 15:21:58+00:00,"RT @goddeketal: Cancer screenings were canceled.
Hospitals were â€œoverwhelmed.â€
Kids lost years of development.
Elderly people died alone, dâ€¦",0,0,3322,rt goddeketal cancer screenings canceled hospitals overwhelmed kids lost years development elderly people died alone
1904554350803922949,2025-03-25 15:21:56+00:00,"RT @nyaraVT: Trans person: â€œGender affirming care fixed my depressionâ€

Transphobe: â€œNonono youâ€™re actually miserable and will regret thisâ€¦",0,0,64,rt nyaravt trans person gender affirming care fixed depression transphobe nonono youre actually miserable regret
1904554348975120676,2025-03-25 15:21:56+00:00,"RT @wtfzeezco: if i ever feel depressed, trust me itâ€™s about money",0,0,1366,rt wtfzeezco ever feel depressed trust money
1904554347553607735,2025-03-25 15:21:56+00:00,"Hereâ€™s what 3 years away from discord looks likeâ€¦ngl started feeling overwhelmed a bit

Time to clean house on my subscriptions ğŸ˜‚

Only 1K unread messages in the @veefriends discord ğŸ¤” https://t.co/wHbeFKKEhE",0,0,0,heres years away discord looks likengl started feeling overwhelmed bit time clean house subscriptions k unread messages veefriends discord
1904554328859324523,2025-03-25 15:21:51+00:00,"Hey, busy professionals and families! Ever felt overwhelmed with meal prep? ğŸ½ï¸ 

I know the struggle. Finding time for nutritious, halal meals can be tough. 

Let's connect over shared dining experiences! 

Order Now at Pollo Xpress and enjoy! ğŸŒŸ 

#HalalEats #Convenience https://t.co/0jrS4VoCmv",0,0,0,hey busy professionals families ever felt overwhelmed meal prep know struggle finding time nutritious halal meals tough lets connect shared dining experiences order pollo xpress enjoy halaleats convenience
1904554325822582862,2025-03-25 15:21:50+00:00,"RT @wtfzeezco: if i ever feel depressed, trust me itâ€™s about money",0,0,1366,rt wtfzeezco ever feel depressed trust money
1904554324489121816,2025-03-25 15:21:50+00:00,Joeâ€™s Golden Compass: Reflections on How Self-Narrative Exercises Can Help Patients With Addiction Find the Way Back Home | American Journal of Psychiatry Residents' Journal https://t.co/L6oEFblqtq,0,0,0,joes golden compass reflections selfnarrative exercises help patients addiction find way back home american journal psychiatry residents journal
1904554318612562014,2025-03-25 15:21:49+00:00,"There* , my tl makes me depressed I'll give you tht much .",0,0,0,tl makes depressed ill give tht much
1904554316142117117,2025-03-25 15:21:48+00:00,"RT @zhal80: You wonâ€™t believe this Iâ€™m absolutely losing it rn!
For the first time ever, I saw cats in northern Gaza ğŸ˜­ğŸ˜­ğŸ˜­ğŸ˜­â¤ï¸!!
I was so overâ€¦",0,0,96,rt zhal wont believe im absolutely losing rn first time ever saw cats northern gaza
1904554313948750326,2025-03-25 15:21:48+00:00,"RT @CarpeDonktum: When I heard that RFK Jr. wants to ban pharmaceutical ads from TV, I immediately got nausea, diarrhea, inflammation of thâ€¦",0,0,361,rt carpedonktum heard rfk jr wants ban pharmaceutical ads tv immediately got nausea diarrhea inflammation th
1904554313827090833,2025-03-25 15:21:47+00:00,"RT @danielwayne37: ala sial la mentang dia cina budak sunwah laGOON, si liberak nak backup pulak he needs help because of sex addiction. 
Câ€¦",0,0,715,rt danielwayne ala sial la mentang dia cina budak sunwah lagoon si liberak nak backup pulak needs help sex addiction c
1904554311041818872,2025-03-25 15:21:47+00:00,"RT @wtfzeezco: if i ever feel depressed, trust me itâ€™s about money",0,0,1366,rt wtfzeezco ever feel depressed trust money
1904554310823714939,2025-03-25 15:21:47+00:00,"RT @investorpee_: ğŸ¾ğŸ¾ğŸ¾ğŸ¾ğŸ¾ğŸ¾ğŸ¾

@GOTPAWSED @airmin_agent 

I can see #PAWS just got added to @coingecko despite already been on @CoinMarketCap wâ€¦",0,0,1,rt investorpee gotpawsed airminagent see paws got added coingecko despite already coinmarketcap w
1904554309804536141,2025-03-25 15:21:47+00:00,"RT @TierraTraniece: Niggas be depressed cause they be horrible ass people. Donâ€™t shit be wrong, fighting demons from all that karma from beâ€¦",0,0,6859,rt tierratraniece niggas depressed cause horrible ass people dont shit wrong fighting demons karma
1904554306268708924,2025-03-25 15:21:46+00:00,"RT @goddeketal: Cancer screenings were canceled.
Hospitals were â€œoverwhelmed.â€
Kids lost years of development.
Elderly people died alone, dâ€¦",0,0,3322,rt goddeketal cancer screenings canceled hospitals overwhelmed kids lost years development elderly people died alone
1904554303840198666,2025-03-25 15:21:45+00:00,"RT @Mashmanjake: Chronic bators can heal if they spend less time looking at porn, but if their support network reinforces their addiction bâ€¦",0,0,206,rt mashmanjake chronic bators heal spend less time looking porn support network reinforces addiction b
1904554303701803343,2025-03-25 15:21:45+00:00,"Feeling a bit overwhelmed today, but I'm determined to tackle the tasks ahead and make some progress! Here's to a productive day!",0,0,0,feeling bit overwhelmed today im determined tackle tasks ahead make progress heres productive day
1904554288770089222,2025-03-25 15:21:42+00:00,"RT @goddeketal: Cancer screenings were canceled.
Hospitals were â€œoverwhelmed.â€
Kids lost years of development.
Elderly people died alone, dâ€¦",0,0,3322,rt goddeketal cancer screenings canceled hospitals overwhelmed kids lost years development elderly people died alone
1904554288330015087,2025-03-25 15:21:41+00:00,"RT @aswaliaaa: Doesn't matter how comedic you find this story is. This is a severe case of sex addiction. Yes, you might laughed and he didâ€¦",0,0,1555,rt aswaliaaa doesnt matter comedic find story severe case sex addiction yes might laughed
